Datetime,Water Level (m)
2025-02-24 00:00:00,-0.30897194
2025-02-24 01:00:00,-0.47628826
2025-02-24 02:00:00,-0.6094592
2025-02-24 03:00:00,-0.713324
2025-02-24 04:00:00,-0.751549
2025-02-24 05:00:00,-0.58936983
2025-02-24 06:00:00,-0.36872286
2025-02-24 07:00:00,-0.19538938
2025-02-24 08:00:00,-0.017539276
2025-02-24 09:00:00,-0.037524384
2025-02-24 10:00:00,-0.1640146
2025-02-24 11:00:00,-0.33501548
2025-02-24 12:00:00,-0.5096451
2025-02-24 13:00:00,-0.6532055
2025-02-24 14:00:00,-0.77375454
2025-02-24 15:00:00,-0.8468218
2025-02-24 16:00:00,-0.69462514
2025-02-24 17:00:00,-0.3616733
2025-02-24 18:00:00,-0.080003455
2025-02-24 19:00:00,0.29031125
2025-02-24 20:00:00,0.48952404
2025-02-24 21:00:00,0.50523305
2025-02-24 22:00:00,0.34928662
2025-02-24 23:00:00,0.102203794
2025-02-25 00:00:00,-0.13844024
2025-02-25 01:00:00,-0.3696036
2025-02-25 02:00:00,-0.54101676
2025-02-25 03:00:00,-0.6806341
2025-02-25 04:00:00,-0.79516244
2025-02-25 05:00:00,-0.8074096
2025-02-25 06:00:00,-0.46877575
2025-02-25 07:00:00,-0.19532943
2025-02-25 08:00:00,0.067039475
2025-02-25 09:00:00,0.25251675
2025-02-25 10:00:00,0.15898706
2025-02-25 11:00:00,-0.041469723
2025-02-25 12:00:00,-0.25772607
2025-02-25 13:00:00,-0.46545023
2025-02-25 14:00:00,-0.6262964
2025-02-25 15:00:00,-0.75939
2025-02-25 16:00:00,-0.8420518
2025-02-25 17:00:00,-0.62290716
2025-02-25 18:00:00,-0.21699098
2025-02-25 19:00:00,0.104996875
2025-02-25 20:00:00,0.5375626
2025-02-25 21:00:00,0.69890386
2025-02-25 22:00:00,0.6543575
2025-02-25 23:00:00,0.4137775
2025-02-26 00:00:00,0.14416909
2025-02-26 01:00:00,-0.12293116
2025-02-26 02:00:00,-0.3598794
2025-02-26 03:00:00,-0.5297732
2025-02-26 04:00:00,-0.6750636
2025-02-26 05:00:00,-0.78551656
2025-02-26 06:00:00,-0.625258
2025-02-26 07:00:00,-0.17147957
2025-02-26 08:00:00,0.10704941
2025-02-26 09:00:00,0.45797676
2025-02-26 10:00:00,0.49039385
2025-02-26 11:00:00,0.3117709
2025-02-26 12:00:00,0.0650365
2025-02-26 13:00:00,-0.17432994
2025-02-26 14:00:00,-0.39799416
2025-02-26 15:00:00,-0.567005
2025-02-26 16:00:00,-0.7083788
2025-02-26 17:00:00,-0.79209226
2025-02-26 18:00:00,-0.4436954
2025-02-26 19:00:00,-0.00030763968
2025-02-26 20:00:00,0.39650357
2025-02-26 21:00:00,0.8094633
2025-02-26 22:00:00,0.8841652
2025-02-26 23:00:00,0.7398238
2025-02-27 00:00:00,0.44126433
2025-02-27 01:00:00,0.16328755
2025-02-27 02:00:00,-0.12218398
2025-02-27 03:00:00,-0.3437946
2025-02-27 04:00:00,-0.5161081
2025-02-27 05:00:00,-0.6602283
2025-02-27 06:00:00,-0.73545057
2025-02-27 07:00:00,-0.2844384
2025-02-27 08:00:00,0.10582707
2025-02-27 09:00:00,0.47570807
2025-02-27 10:00:00,0.7224667
2025-02-27 11:00:00,0.6276427
2025-02-27 12:00:00,0.37637177
2025-02-27 13:00:00,0.11417549
2025-02-27 14:00:00,-0.15043357
2025-02-27 15:00:00,-0.3755929
2025-02-27 16:00:00,-0.5405898
2025-02-27 17:00:00,-0.6852034
2025-02-27 18:00:00,-0.7226559
2025-02-27 19:00:00,-0.16088815
2025-02-27 20:00:00,0.25110638
2025-02-27 21:00:00,0.738847
2025-02-27 22:00:00,1.0148981
2025-02-27 23:00:00,0.9902833
2025-02-28 00:00:00,0.73289794
2025-02-28 01:00:00,0.42405465
2025-02-28 02:00:00,0.13238245
2025-02-28 03:00:00,-0.14929001
2025-02-28 04:00:00,-0.34468797
2025-02-28 05:00:00,-0.51407933
2025-02-28 06:00:00,-0.6556091
2025-02-28 07:00:00,-0.591238
2025-02-28 08:00:00,0.043079443
2025-02-28 09:00:00,0.4111902
2025-02-28 10:00:00,0.83479565
2025-02-28 11:00:00,0.90225995
2025-02-28 12:00:00,0.72346145
2025-02-28 13:00:00,0.42133507
2025-02-28 14:00:00,0.14666533
2025-02-28 15:00:00,-0.13425206
2025-02-28 16:00:00,-0.34246427
2025-02-28 17:00:00,-0.5090573
2025-02-28 18:00:00,-0.64732075
2025-02-28 19:00:00,-0.5467217
2025-02-28 20:00:00,0.104464635
2025-02-28 21:00:00,0.51867765
2025-02-28 22:00:00,1.0074782
2025-02-28 23:00:00,1.1279345
2025-03-01 00:00:00,0.99201804
2025-03-01 01:00:00,0.66367394
2025-03-01 02:00:00,0.3695418
2025-03-01 03:00:00,0.064857
2025-03-01 04:00:00,-0.18575898
2025-03-01 05:00:00,-0.36677775
2025-03-01 06:00:00,-0.5297525
2025-03-01 07:00:00,-0.6377933
2025-03-01 08:00:00,-0.20538515
2025-03-01 09:00:00,0.31681278
2025-03-01 10:00:00,0.74427474
2025-03-01 11:00:00,1.0681307
2025-03-01 12:00:00,1.021655
2025-03-01 13:00:00,0.7610008
2025-03-01 14:00:00,0.45408404
2025-03-01 15:00:00,0.15929407
2025-03-01 16:00:00,-0.11980296
2025-03-01 17:00:00,-0.30992192
2025-03-01 18:00:00,-0.47224617
2025-03-01 19:00:00,-0.5893086
2025-03-01 20:00:00,-0.21585827
2025-03-01 21:00:00,0.3432574
2025-03-01 22:00:00,0.7992898
2025-03-01 23:00:00,1.1705102
2025-03-02 00:00:00,1.172945
